{"cameraMode":{"drawMode":0,"name":"Shaded","section":"Shading Mode"},"sceneLighting":true,"audioPlay":false,"sceneViewState":{"m_AlwaysRefresh":false,"showFog":true,"showSkybox":true,"showFlares":true,"showImageEffects":true,"showParticleSystems":true,"showVisualEffectGraphs":true,"m_FxEnabled":true},"in2DMode":false,"pivot":{"x":6.288172245025635,"y":1.6143221855163575,"z":-1.3204362392425538},"rotation":{"x":-0.0872088074684143,"y":-0.017372779548168184,"z":0.001014011213555932,"w":-0.9962238669395447},"size":5.467967987060547,"orthographic":false}