{"cameraMode":{"drawMode":0,"name":"Shaded","section":"Shading Mode"},"sceneLighting":true,"audioPlay":false,"sceneViewState":{"m_AlwaysRefresh":false,"showFog":true,"showSkybox":true,"showFlares":true,"showImageEffects":true,"showParticleSystems":true,"showVisualEffectGraphs":true,"m_FxEnabled":true},"in2DMode":false,"pivot":{"x":-5.750242233276367,"y":-1.8822565078735352,"z":11.347110748291016},"rotation":{"x":-0.09051238745450974,"y":-0.15706056356430055,"z":0.014625182375311852,"w":-0.9834218621253967},"size":12.506892204284668,"orthographic":false}